i,Max,Total,Free,Used (total-free),Object
1,104857600,104857600,102802032,2055568,40016
2,104857600,104857600,102762016,2095584,40016
3,104857600,104857600,102720432,2137168,41584
4,104857600,104857600,102238064,2619536,482368
5,104857600,104857600,102198048,2659552,40016
6,104857600,104857600,102158032,2699568,40016
7,104857600,104857600,102118016,2739584,40016
8,104857600,104857600,102078000,2779600,40016
9,104857600,104857600,102037984,2819616,40016
10,104857600,104857600,101997968,2859632,40016
11,104857600,104857600,101957952,2899648,40016
12,104857600,104857600,101917936,2939664,40016
13,104857600,104857600,101877920,2979680,40016
14,104857600,104857600,101837904,3019696,40016
15,104857600,104857600,101797888,3059712,40016
16,104857600,104857600,101757872,3099728,40016
17,104857600,104857600,101717856,3139744,40016
18,104857600,104857600,101677840,3179760,40016
19,104857600,104857600,101637824,3219776,40016
20,104857600,104857600,101597808,3259792,40016
21,104857600,104857600,101557792,3299808,40016
22,104857600,104857600,101517776,3339824,40016
23,104857600,104857600,101477760,3379840,40016
24,104857600,104857600,101437744,3419856,40016
25,104857600,104857600,101397728,3459872,40016
26,104857600,104857600,101357712,3499888,40016
27,104857600,104857600,101317696,3539904,40016
28,104857600,104857600,100795336,4062264,522360
29,104857600,104857600,100669280,4188320,126056
30,104857600,104857600,100629264,4228336,40016
31,104857600,104857600,100100920,4756680,528344
32,104857600,104857600,99614720,5242880,486200
33,104857600,104857600,99574704,5282896,40016
34,104857600,104857600,99092336,5765264,482368
35,104857600,104857600,99052320,5805280,40016
36,104857600,104857600,99012304,5845296,40016
37,104857600,104857600,98972288,5885312,40016
38,104857600,104857600,98932272,5925328,40016
39,104857600,104857600,98892256,5965344,40016
40,104857600,104857600,98852240,6005360,40016
41,104857600,104857600,98812224,6045376,40016
42,104857600,104857600,98772208,6085392,40016
43,104857600,104857600,98732192,6125408,40016
44,104857600,104857600,98692176,6165424,40016
45,104857600,104857600,98652160,6205440,40016
46,104857600,104857600,98612144,6245456,40016
47,104857600,104857600,98572128,6285472,40016
48,104857600,104857600,98532112,6325488,40016
49,104857600,104857600,98492096,6365504,40016
50,104857600,104857600,98452080,6405520,40016
51,104857600,104857600,98412064,6445536,40016
52,104857600,104857600,98372048,6485552,40016
53,104857600,104857600,98332032,6525568,40016
54,104857600,104857600,98292016,6565584,40016
55,104857600,104857600,98252000,6605600,40016
56,104857600,104857600,98211984,6645616,40016
57,104857600,104857600,98171968,6685632,40016
58,104857600,104857600,97649608,7207992,522360
59,104857600,104857600,97523552,7334048,126056
60,104857600,104857600,97483536,7374064,40016
61,104857600,104857600,96955192,7902408,528344
62,104857600,104857600,96468992,8388608,486200
63,104857600,104857600,96428976,8428624,40016
64,104857600,104857600,95946608,8910992,482368
65,104857600,104857600,95906592,8951008,40016
66,104857600,104857600,95866576,8991024,40016
67,104857600,104857600,95826560,9031040,40016
68,104857600,104857600,95786544,9071056,40016
69,104857600,104857600,95746528,9111072,40016
70,104857600,104857600,95706512,9151088,40016
71,104857600,104857600,95666496,9191104,40016
72,104857600,104857600,95626480,9231120,40016
73,104857600,104857600,95586464,9271136,40016
74,104857600,104857600,95546448,9311152,40016
75,104857600,104857600,95506432,9351168,40016
76,104857600,104857600,95466416,9391184,40016
77,104857600,104857600,95426400,9431200,40016
78,104857600,104857600,95386384,9471216,40016
79,104857600,104857600,95346368,9511232,40016
80,104857600,104857600,95306352,9551248,40016
81,104857600,104857600,95266336,9591264,40016
82,104857600,104857600,95226320,9631280,40016
83,104857600,104857600,95186304,9671296,40016
84,104857600,104857600,95146288,9711312,40016
85,104857600,104857600,95106272,9751328,40016
86,104857600,104857600,95066256,9791344,40016
87,104857600,104857600,95026240,9831360,40016
88,104857600,104857600,94503880,10353720,522360
89,104857600,104857600,94377824,10479776,126056
90,104857600,104857600,94337808,10519792,40016
91,104857600,104857600,93809464,11048136,528344
92,104857600,104857600,93323264,11534336,486200
93,104857600,104857600,93283248,11574352,40016
94,104857600,104857600,92800880,12056720,482368
95,104857600,104857600,92760864,12096736,40016
96,104857600,104857600,92720848,12136752,40016
97,104857600,104857600,92680832,12176768,40016
98,104857600,104857600,92640816,12216784,40016
99,104857600,104857600,92600800,12256800,40016
100,104857600,104857600,92560784,12296816,40016
101,104857600,104857600,92520768,12336832,40016
102,104857600,104857600,92480752,12376848,40016
103,104857600,104857600,92440736,12416864,40016
104,104857600,104857600,92400720,12456880,40016
105,104857600,104857600,92360704,12496896,40016
106,104857600,104857600,92320688,12536912,40016
107,104857600,104857600,92280672,12576928,40016
108,104857600,104857600,92240656,12616944,40016
109,104857600,104857600,92200640,12656960,40016
110,104857600,104857600,92160624,12696976,40016
111,104857600,104857600,92120608,12736992,40016
112,104857600,104857600,92080592,12777008,40016
113,104857600,104857600,92040576,12817024,40016
114,104857600,104857600,92000560,12857040,40016
115,104857600,104857600,91960544,12897056,40016
116,104857600,104857600,91920528,12937072,40016
117,104857600,104857600,91880512,12977088,40016
118,104857600,104857600,91358152,13499448,522360
119,104857600,104857600,91318136,13539464,40016
120,104857600,104857600,91278120,13579480,40016
121,104857600,104857600,91238104,13619496,40016
122,104857600,104857600,91192104,13665496,46000
123,104857600,104857600,91152088,13705512,40016
124,104857600,104857600,91112072,13745528,40016
125,104857600,104857600,91072056,13785544,40016
126,104857600,104857600,91032040,13825560,40016
127,104857600,104857600,90992024,13865576,40016
128,104857600,104857600,90952008,13905592,40016
129,104857600,104857600,90911992,13945608,40016
130,104857600,104857600,90871976,13985624,40016
131,104857600,104857600,90831960,14025640,40016
132,104857600,104857600,90791944,14065656,40016
133,104857600,104857600,90751928,14105672,40016
134,104857600,104857600,90711912,14145688,40016
135,104857600,104857600,90671896,14185704,40016
136,104857600,104857600,90631880,14225720,40016
137,104857600,104857600,90591864,14265736,40016
138,104857600,104857600,90551848,14305752,40016
139,104857600,104857600,90511832,14345768,40016
140,104857600,104857600,90471816,14385784,40016
141,104857600,104857600,90431800,14425800,40016
142,104857600,104857600,90391784,14465816,40016
143,104857600,104857600,90183544,14674056,208240
144,104857600,104857600,90143528,14714072,40016
145,104857600,104857600,89615160,15242440,528368
146,104857600,104857600,89128960,15728640,486200
147,104857600,104857600,89088944,15768656,40016
148,104857600,104857600,88606576,16251024,482368
149,104857600,104857600,88566560,16291040,40016
150,104857600,104857600,88526544,16331056,40016
151,104857600,104857600,88486528,16371072,40016
152,104857600,104857600,88446512,16411088,40016
153,104857600,104857600,88406496,16451104,40016
154,104857600,104857600,88366480,16491120,40016
155,104857600,104857600,88326464,16531136,40016
156,104857600,104857600,88286448,16571152,40016
157,104857600,104857600,88246432,16611168,40016
158,104857600,104857600,88206416,16651184,40016
159,104857600,104857600,88166400,16691200,40016
160,104857600,104857600,88126384,16731216,40016
161,104857600,104857600,88086368,16771232,40016
162,104857600,104857600,88046352,16811248,40016
163,104857600,104857600,88006336,16851264,40016
164,104857600,104857600,87966320,16891280,40016
165,104857600,104857600,87926304,16931296,40016
166,104857600,104857600,87886288,16971312,40016
167,104857600,104857600,87846272,17011328,40016
168,104857600,104857600,87806256,17051344,40016
169,104857600,104857600,87766240,17091360,40016
170,104857600,104857600,87726224,17131376,40016
171,104857600,104857600,87686208,17171392,40016
172,104857600,104857600,87163848,17693752,522360
173,104857600,104857600,87037792,17819808,126056
174,104857600,104857600,86997776,17859824,40016
175,104857600,104857600,86469432,18388168,528344
176,104857600,104857600,85983232,18874368,486200
177,104857600,104857600,85943216,18914384,40016
178,104857600,104857600,85460848,19396752,482368
179,104857600,104857600,85420832,19436768,40016
180,104857600,104857600,85380816,19476784,40016
181,104857600,104857600,85340800,19516800,40016
182,104857600,104857600,85300784,19556816,40016
183,104857600,104857600,85260768,19596832,40016
184,104857600,104857600,85220752,19636848,40016
185,104857600,104857600,85180736,19676864,40016
186,104857600,104857600,85140720,19716880,40016
187,104857600,104857600,85100704,19756896,40016
188,104857600,104857600,85060688,19796912,40016
189,104857600,104857600,85020672,19836928,40016
190,104857600,104857600,84980656,19876944,40016
191,104857600,104857600,84940640,19916960,40016
192,104857600,104857600,84900624,19956976,40016
193,104857600,104857600,84860608,19996992,40016
194,104857600,104857600,84820592,20037008,40016
195,104857600,104857600,84780576,20077024,40016
196,104857600,104857600,84740560,20117040,40016
197,104857600,104857600,84700544,20157056,40016
198,104857600,104857600,84660528,20197072,40016
199,104857600,104857600,84620512,20237088,40016
200,104857600,104857600,84580496,20277104,40016
201,104857600,104857600,84540480,20317120,40016
202,104857600,104857600,84018120,20839480,522360
203,104857600,104857600,83892064,20965536,126056
204,104857600,104857600,83852048,21005552,40016
205,104857600,104857600,83323704,21533896,528344
206,104857600,104857600,82837504,22020096,486200
207,104857600,104857600,82797488,22060112,40016
208,104857600,104857600,82315120,22542480,482368
209,104857600,104857600,82275104,22582496,40016
210,104857600,104857600,82235088,22622512,40016
211,104857600,104857600,82195072,22662528,40016
212,104857600,104857600,82155056,22702544,40016
213,104857600,104857600,82115040,22742560,40016
214,104857600,104857600,82075024,22782576,40016
215,104857600,104857600,82035008,22822592,40016
216,104857600,104857600,81994992,22862608,40016
217,104857600,104857600,81954976,22902624,40016
218,104857600,104857600,81914960,22942640,40016
219,104857600,104857600,81874944,22982656,40016
220,104857600,104857600,81834928,23022672,40016
221,104857600,104857600,81794912,23062688,40016
222,104857600,104857600,81754896,23102704,40016
223,104857600,104857600,81714880,23142720,40016
224,104857600,104857600,81674864,23182736,40016
225,104857600,104857600,81634848,23222752,40016
226,104857600,104857600,81594832,23262768,40016
227,104857600,104857600,81554816,23302784,40016
228,104857600,104857600,81514800,23342800,40016
229,104857600,104857600,81474784,23382816,40016
230,104857600,104857600,81434768,23422832,40016
231,104857600,104857600,81394752,23462848,40016
232,104857600,104857600,80872392,23985208,522360
233,104857600,104857600,80746336,24111264,126056
234,104857600,104857600,82117040,22740560,-1370704
235,104857600,104857600,81708328,23149272,408712
236,104857600,104857600,81259624,23597976,448704
237,104857600,104857600,81219608,23637992,40016
238,104857600,104857600,81108480,23749120,111128
239,104857600,104857600,81068464,23789136,40016
240,104857600,104857600,81028448,23829152,40016
241,104857600,104857600,80988432,23869168,40016
242,104857600,104857600,80948416,23909184,40016
243,104857600,104857600,80908400,23949200,40016
244,104857600,104857600,80868384,23989216,40016
245,104857600,104857600,80828368,24029232,40016
246,104857600,104857600,80788352,24069248,40016
247,104857600,104857600,80748336,24109264,40016
248,104857600,104857600,80708320,24149280,40016
249,104857600,104857600,80668304,24189296,40016
250,104857600,104857600,80628288,24229312,40016
251,104857600,104857600,80588272,24269328,40016
252,104857600,104857600,80548256,24309344,40016
253,104857600,104857600,80508240,24349360,40016
254,104857600,104857600,80468224,24389376,40016
255,104857600,104857600,80428208,24429392,40016
256,104857600,104857600,80059904,24797696,368304
257,104857600,104857600,80019888,24837712,40016
258,104857600,104857600,79611176,25246424,408712
259,104857600,104857600,79162472,25695128,448704
260,104857600,104857600,79122456,25735144,40016
261,104857600,104857600,79011328,25846272,111128
262,104857600,104857600,78971312,25886288,40016
263,104857600,104857600,78931296,25926304,40016
264,104857600,104857600,78891280,25966320,40016
265,104857600,104857600,78851264,26006336,40016
266,104857600,104857600,78811248,26046352,40016
267,104857600,104857600,78771232,26086368,40016
268,104857600,104857600,78731216,26126384,40016
269,104857600,104857600,78691200,26166400,40016
270,104857600,104857600,78651184,26206416,40016
271,104857600,104857600,78611168,26246432,40016
272,104857600,104857600,78571152,26286448,40016
273,104857600,104857600,78531136,26326464,40016
274,104857600,104857600,78491120,26366480,40016
275,104857600,104857600,78451104,26406496,40016
276,104857600,104857600,78411088,26446512,40016
277,104857600,104857600,78371072,26486528,40016
278,104857600,104857600,78331056,26526544,40016
279,104857600,104857600,77962752,26894848,368304
280,104857600,104857600,77922736,26934864,40016
281,104857600,104857600,77514024,27343576,408712
282,104857600,104857600,77065320,27792280,448704
283,104857600,104857600,77025304,27832296,40016
284,104857600,104857600,76914176,27943424,111128
285,104857600,104857600,76874160,27983440,40016
286,104857600,104857600,76834144,28023456,40016
287,104857600,104857600,76794128,28063472,40016
288,104857600,104857600,76754112,28103488,40016
289,104857600,104857600,76714096,28143504,40016
290,104857600,104857600,76674080,28183520,40016
291,104857600,104857600,76634064,28223536,40016
292,104857600,104857600,76594048,28263552,40016
293,104857600,104857600,76554032,28303568,40016
294,104857600,104857600,76514016,28343584,40016
295,104857600,104857600,76474000,28383600,40016
296,104857600,104857600,76433984,28423616,40016
297,104857600,104857600,76393968,28463632,40016
298,104857600,104857600,76353952,28503648,40016
299,104857600,104857600,76313936,28543664,40016
300,104857600,104857600,76273920,28583680,40016
301,104857600,104857600,76233904,28623696,40016
302,104857600,104857600,75865600,28992000,368304
303,104857600,104857600,75825584,29032016,40016
304,104857600,104857600,75416872,29440728,408712
305,104857600,104857600,74968168,29889432,448704
306,104857600,104857600,74928152,29929448,40016
307,104857600,104857600,74817024,30040576,111128
308,104857600,104857600,74777008,30080592,40016
309,104857600,104857600,74736992,30120608,40016
310,104857600,104857600,74696976,30160624,40016
311,104857600,104857600,74656960,30200640,40016
312,104857600,104857600,74616944,30240656,40016
313,104857600,104857600,74576928,30280672,40016
314,104857600,104857600,74536912,30320688,40016
315,104857600,104857600,74496896,30360704,40016
316,104857600,104857600,74456880,30400720,40016
317,104857600,104857600,74416864,30440736,40016
318,104857600,104857600,74376848,30480752,40016
319,104857600,104857600,74336832,30520768,40016
320,104857600,104857600,74296816,30560784,40016
321,104857600,104857600,74256800,30600800,40016
322,104857600,104857600,74216784,30640816,40016
323,104857600,104857600,74176768,30680832,40016
324,104857600,104857600,74136752,30720848,40016
325,104857600,104857600,73768448,31089152,368304
326,104857600,104857600,73728432,31129168,40016
327,104857600,104857600,73319720,31537880,408712
328,104857600,104857600,72871016,31986584,448704
329,104857600,104857600,72831000,32026600,40016
330,104857600,104857600,72719872,32137728,111128
331,104857600,104857600,72679856,32177744,40016
332,104857600,104857600,72639840,32217760,40016
333,104857600,104857600,72599824,32257776,40016
334,104857600,104857600,72559808,32297792,40016
335,104857600,104857600,72519792,32337808,40016
336,104857600,104857600,72479776,32377824,40016
337,104857600,104857600,72439760,32417840,40016
338,104857600,104857600,72399744,32457856,40016
339,104857600,104857600,72359728,32497872,40016
340,104857600,104857600,72319712,32537888,40016
341,104857600,104857600,72279696,32577904,40016
342,104857600,104857600,72239680,32617920,40016
343,104857600,104857600,72199664,32657936,40016
344,104857600,104857600,72159648,32697952,40016
345,104857600,104857600,72119632,32737968,40016
346,104857600,104857600,72079616,32777984,40016
347,104857600,104857600,72039600,32818000,40016
348,104857600,104857600,71671296,33186304,368304
349,104857600,104857600,71631280,33226320,40016
350,104857600,104857600,71222568,33635032,408712
351,104857600,104857600,70773864,34083736,448704
352,104857600,104857600,70733848,34123752,40016
353,104857600,104857600,70622720,34234880,111128
354,104857600,104857600,70582704,34274896,40016
355,104857600,104857600,70542688,34314912,40016
356,104857600,104857600,70502672,34354928,40016
357,104857600,104857600,70462656,34394944,40016
358,104857600,104857600,70422640,34434960,40016
359,104857600,104857600,70382624,34474976,40016
360,104857600,104857600,70342608,34514992,40016
361,104857600,104857600,70302592,34555008,40016
362,104857600,104857600,70262576,34595024,40016
363,104857600,104857600,70222560,34635040,40016
364,104857600,104857600,70182544,34675056,40016
365,104857600,104857600,70142528,34715072,40016
366,104857600,104857600,70102512,34755088,40016
367,104857600,104857600,70062496,34795104,40016
368,104857600,104857600,70022480,34835120,40016
369,104857600,104857600,69982464,34875136,40016
370,104857600,104857600,69942448,34915152,40016
371,104857600,104857600,69574144,35283456,368304
372,104857600,104857600,69534128,35323472,40016
373,104857600,104857600,69125416,35732184,408712
374,104857600,104857600,68676712,36180888,448704
375,104857600,104857600,68636696,36220904,40016
376,104857600,104857600,68525568,36332032,111128
377,104857600,104857600,68485552,36372048,40016
378,104857600,104857600,68445536,36412064,40016
379,104857600,104857600,68405520,36452080,40016
380,104857600,104857600,68365504,36492096,40016
381,104857600,104857600,68325488,36532112,40016
382,104857600,104857600,68285472,36572128,40016
383,104857600,104857600,68245456,36612144,40016
384,104857600,104857600,68205440,36652160,40016
385,104857600,104857600,68165424,36692176,40016
386,104857600,104857600,68125408,36732192,40016
387,104857600,104857600,68085392,36772208,40016
388,104857600,104857600,68045376,36812224,40016
389,104857600,104857600,68005360,36852240,40016
390,104857600,104857600,67965344,36892256,40016
391,104857600,104857600,67925328,36932272,40016
392,104857600,104857600,67885312,36972288,40016
393,104857600,104857600,67845296,37012304,40016
394,104857600,104857600,67476992,37380608,368304
395,104857600,104857600,67677104,37180496,-200112
396,104857600,104857600,67389600,37468000,287504
397,104857600,104857600,67062104,37795496,327496
398,104857600,104857600,67022088,37835512,40016
399,104857600,104857600,66694592,38163008,327496
400,104857600,104857600,66654576,38203024,40016
401,104857600,104857600,66327080,38530520,327496
402,104857600,104857600,66287064,38570536,40016
403,104857600,104857600,65959568,38898032,327496
404,104857600,104857600,65919552,38938048,40016
405,104857600,104857600,65646016,39211584,273536
406,104857600,104857600,65606000,39251600,40016
407,104857600,104857600,65565984,39291616,40016
408,104857600,104857600,65525968,39331632,40016
409,104857600,104857600,65485952,39371648,40016
410,104857600,104857600,65445936,39411664,40016
411,104857600,104857600,65405920,39451680,40016
412,104857600,104857600,65365904,39491696,40016
413,104857600,104857600,65325888,39531712,40016
414,104857600,104857600,65285872,39571728,40016
415,104857600,104857600,65245856,39611744,40016
416,104857600,104857600,65205840,39651760,40016
417,104857600,104857600,65165824,39691776,40016
418,104857600,104857600,65125808,39731792,40016
419,104857600,104857600,65085792,39771808,40016
420,104857600,104857600,65045776,39811824,40016
421,104857600,104857600,65005760,39851840,40016
422,104857600,104857600,64965744,39891856,40016
423,104857600,104857600,64925728,39931872,40016
424,104857600,104857600,64885712,39971888,40016
425,104857600,104857600,64845696,40011904,40016
426,104857600,104857600,64597440,40260160,248256
427,104857600,104857600,64557424,40300176,40016
428,104857600,104857600,64517408,40340192,40016
429,104857600,104857600,64189912,40667688,327496
430,104857600,104857600,64149896,40707704,40016
431,104857600,104857600,63822400,41035200,327496
432,104857600,104857600,63782384,41075216,40016
433,104857600,104857600,63548864,41308736,233520
434,104857600,104857600,63508848,41348752,40016
435,104857600,104857600,63468832,41388768,40016
436,104857600,104857600,63428816,41428784,40016
437,104857600,104857600,63388800,41468800,40016
438,104857600,104857600,63348784,41508816,40016
439,104857600,104857600,63308768,41548832,40016
440,104857600,104857600,63268752,41588848,40016
441,104857600,104857600,63228736,41628864,40016
442,104857600,104857600,63188720,41668880,40016
443,104857600,104857600,63148704,41708896,40016
444,104857600,104857600,63108688,41748912,40016
445,104857600,104857600,63068672,41788928,40016
446,104857600,104857600,63028656,41828944,40016
447,104857600,104857600,62988640,41868960,40016
448,104857600,104857600,62948624,41908976,40016
449,104857600,104857600,62908608,41948992,40016
450,104857600,104857600,62868592,41989008,40016
451,104857600,104857600,62828576,42029024,40016
452,104857600,104857600,62788560,42069040,40016
453,104857600,104857600,62748544,42109056,40016
454,104857600,104857600,62500288,42357312,248256
455,104857600,104857600,62460272,42397328,40016
456,104857600,104857600,62420256,42437344,40016
457,104857600,104857600,62092760,42764840,327496
458,104857600,104857600,62052744,42804856,40016
459,104857600,104857600,61725248,43132352,327496
460,104857600,104857600,61685232,43172368,40016
461,104857600,104857600,61451712,43405888,233520
462,104857600,104857600,61411696,43445904,40016
463,104857600,104857600,61371680,43485920,40016
464,104857600,104857600,61331664,43525936,40016
465,104857600,104857600,61291648,43565952,40016
466,104857600,104857600,61251632,43605968,40016
467,104857600,104857600,61211616,43645984,40016
468,104857600,104857600,61171600,43686000,40016
469,104857600,104857600,61131584,43726016,40016
470,104857600,104857600,61091568,43766032,40016
471,104857600,104857600,61051552,43806048,40016
472,104857600,104857600,61011536,43846064,40016
473,104857600,104857600,60971520,43886080,40016
474,104857600,104857600,60931504,43926096,40016
475,104857600,104857600,60891488,43966112,40016
476,104857600,104857600,60851472,44006128,40016
477,104857600,104857600,60811456,44046144,40016
478,104857600,104857600,60771440,44086160,40016
479,104857600,104857600,60731424,44126176,40016
480,104857600,104857600,60691408,44166192,40016
481,104857600,104857600,60651392,44206208,40016
482,104857600,104857600,60403136,44454464,248256
483,104857600,104857600,60363120,44494480,40016
484,104857600,104857600,60323104,44534496,40016
485,104857600,104857600,59995608,44861992,327496
486,104857600,104857600,59955592,44902008,40016
487,104857600,104857600,59628096,45229504,327496
488,104857600,104857600,59588080,45269520,40016
489,104857600,104857600,59354560,45503040,233520
490,104857600,104857600,59314544,45543056,40016
491,104857600,104857600,59274528,45583072,40016
492,104857600,104857600,59234512,45623088,40016
493,104857600,104857600,59194496,45663104,40016
494,104857600,104857600,59154480,45703120,40016
495,104857600,104857600,59114464,45743136,40016
496,104857600,104857600,59074448,45783152,40016
497,104857600,104857600,59034432,45823168,40016
498,104857600,104857600,58994416,45863184,40016
499,104857600,104857600,58954400,45903200,40016
500,104857600,104857600,58914384,45943216,40016
501,104857600,104857600,58874368,45983232,40016
502,104857600,104857600,58834352,46023248,40016
503,104857600,104857600,58794336,46063264,40016
504,104857600,104857600,58754320,46103280,40016
505,104857600,104857600,58714304,46143296,40016
506,104857600,104857600,58674288,46183312,40016
507,104857600,104857600,58634272,46223328,40016
508,104857600,104857600,58594256,46263344,40016
509,104857600,104857600,58554240,46303360,40016
510,104857600,104857600,58305984,46551616,248256
511,104857600,104857600,58265968,46591632,40016
512,104857600,104857600,58225952,46631648,40016
513,104857600,104857600,57898456,46959144,327496
514,104857600,104857600,57858440,46999160,40016
515,104857600,104857600,57530944,47326656,327496
516,104857600,104857600,57490928,47366672,40016
517,104857600,104857600,57257408,47600192,233520
518,104857600,104857600,57217392,47640208,40016
519,104857600,104857600,57177376,47680224,40016
520,104857600,104857600,57137360,47720240,40016
521,104857600,104857600,57097344,47760256,40016
522,104857600,104857600,57057328,47800272,40016
523,104857600,104857600,57017312,47840288,40016
524,104857600,104857600,56977296,47880304,40016
525,104857600,104857600,56937280,47920320,40016
526,104857600,104857600,56897264,47960336,40016
527,104857600,104857600,56857248,48000352,40016
528,104857600,104857600,56817232,48040368,40016
529,104857600,104857600,56777216,48080384,40016
530,104857600,104857600,56737200,48120400,40016
531,104857600,104857600,56697184,48160416,40016
532,104857600,104857600,56657168,48200432,40016
533,104857600,104857600,56617152,48240448,40016
534,104857600,104857600,56577136,48280464,40016
535,104857600,104857600,56537120,48320480,40016
536,104857600,104857600,56497104,48360496,40016
537,104857600,104857600,56457088,48400512,40016
538,104857600,104857600,56208832,48648768,248256
539,104857600,104857600,56168816,48688784,40016
540,104857600,104857600,56128800,48728800,40016
541,104857600,104857600,55801304,49056296,327496
542,104857600,104857600,55761288,49096312,40016
543,104857600,104857600,55433792,49423808,327496
544,104857600,104857600,55393776,49463824,40016
545,104857600,104857600,55160256,49697344,233520
546,104857600,104857600,55120240,49737360,40016
547,104857600,104857600,55080224,49777376,40016
548,104857600,104857600,55040208,49817392,40016
549,104857600,104857600,55000192,49857408,40016
550,104857600,104857600,54960176,49897424,40016
551,104857600,104857600,54920160,49937440,40016
552,104857600,104857600,54880144,49977456,40016
553,104857600,104857600,54840128,50017472,40016
554,104857600,104857600,54800112,50057488,40016
555,104857600,104857600,54760096,50097504,40016
556,104857600,104857600,54720080,50137520,40016
557,104857600,104857600,54680064,50177536,40016
558,104857600,104857600,54640048,50217552,40016
559,104857600,104857600,54600032,50257568,40016
560,104857600,104857600,54560016,50297584,40016
561,104857600,104857600,54520000,50337600,40016
562,104857600,104857600,54479984,50377616,40016
563,104857600,104857600,54439968,50417632,40016
564,104857600,104857600,54399952,50457648,40016
565,104857600,104857600,54359936,50497664,40016
566,104857600,104857600,54111680,50745920,248256
567,104857600,104857600,54071664,50785936,40016
568,104857600,104857600,54031648,50825952,40016
569,104857600,104857600,53704152,51153448,327496
570,104857600,104857600,53664136,51193464,40016
571,104857600,104857600,53336640,51520960,327496
572,104857600,104857600,53296624,51560976,40016
573,104857600,104857600,53063104,51794496,233520
574,104857600,104857600,53023088,51834512,40016
575,104857600,104857600,52983072,51874528,40016
576,104857600,104857600,52943056,51914544,40016
577,104857600,104857600,52903040,51954560,40016
578,104857600,104857600,52863024,51994576,40016
579,104857600,104857600,52823008,52034592,40016
580,104857600,104857600,52782992,52074608,40016
581,104857600,104857600,52742976,52114624,40016
582,104857600,104857600,52702960,52154640,40016
583,104857600,104857600,52662944,52194656,40016
584,104857600,104857600,52622928,52234672,40016
585,104857600,104857600,52582912,52274688,40016
586,104857600,104857600,52542896,52314704,40016
587,104857600,104857600,52502880,52354720,40016
588,104857600,104857600,52462864,52394736,40016
589,104857600,104857600,52422848,52434752,40016
590,104857600,104857600,52382832,52474768,40016
591,104857600,104857600,52342816,52514784,40016
592,104857600,104857600,52302800,52554800,40016
593,104857600,104857600,52262784,52594816,40016
594,104857600,104857600,52014528,52843072,248256
595,104857600,104857600,51974512,52883088,40016
596,104857600,104857600,51934496,52923104,40016
597,104857600,104857600,51607000,53250600,327496
598,104857600,104857600,51566984,53290616,40016
599,104857600,104857600,51239488,53618112,327496
600,104857600,104857600,51199472,53658128,40016
601,104857600,104857600,50965952,53891648,233520
602,104857600,104857600,51219888,53637712,-253936
603,104857600,104857600,50891752,53965848,328136
604,104857600,104857600,50523624,54333976,368128
605,104857600,104857600,50483608,54373992,40016
606,104857600,104857600,50211328,54646272,272280
607,104857600,104857600,50171312,54686288,40016
608,104857600,104857600,50131296,54726304,40016
609,104857600,104857600,50091280,54766320,40016
610,104857600,104857600,50051264,54806336,40016
611,104857600,104857600,50011248,54846352,40016
612,104857600,104857600,49971232,54886368,40016
613,104857600,104857600,49931216,54926384,40016
614,104857600,104857600,49891200,54966400,40016
615,104857600,104857600,49851184,55006416,40016
616,104857600,104857600,49811168,55046432,40016
617,104857600,104857600,49771152,55086448,40016
618,104857600,104857600,49731136,55126464,40016
619,104857600,104857600,49691120,55166480,40016
620,104857600,104857600,49651104,55206496,40016
621,104857600,104857600,49611088,55246512,40016
622,104857600,104857600,49571072,55286528,40016
623,104857600,104857600,49531056,55326544,40016
624,104857600,104857600,49491040,55366560,40016
625,104857600,104857600,49451024,55406576,40016
626,104857600,104857600,49162752,55694848,288272
627,104857600,104857600,49122736,55734864,40016
628,104857600,104857600,48754608,56102992,368128
629,104857600,104857600,48714592,56143008,40016
630,104857600,104857600,48346464,56511136,368128
631,104857600,104857600,48306448,56551152,40016
632,104857600,104857600,48114176,56743424,192272
633,104857600,104857600,48074160,56783440,40016
634,104857600,104857600,48034144,56823456,40016
635,104857600,104857600,47994128,56863472,40016
636,104857600,104857600,47954112,56903488,40016
637,104857600,104857600,47914096,56943504,40016
638,104857600,104857600,47874080,56983520,40016
639,104857600,104857600,47834064,57023536,40016
640,104857600,104857600,47794048,57063552,40016
641,104857600,104857600,47754032,57103568,40016
642,104857600,104857600,47714016,57143584,40016
643,104857600,104857600,47674000,57183600,40016
644,104857600,104857600,47633984,57223616,40016
645,104857600,104857600,47593968,57263632,40016
646,104857600,104857600,47553952,57303648,40016
647,104857600,104857600,47513936,57343664,40016
648,104857600,104857600,47473920,57383680,40016
649,104857600,104857600,47433904,57423696,40016
650,104857600,104857600,47393888,57463712,40016
651,104857600,104857600,47353872,57503728,40016
652,104857600,104857600,47065600,57792000,288272
653,104857600,104857600,47025584,57832016,40016
654,104857600,104857600,46657456,58200144,368128
655,104857600,104857600,46617440,58240160,40016
656,104857600,104857600,46249312,58608288,368128
657,104857600,104857600,46209296,58648304,40016
658,104857600,104857600,46017024,58840576,192272
659,104857600,104857600,45977008,58880592,40016
660,104857600,104857600,45936992,58920608,40016
661,104857600,104857600,45896976,58960624,40016
662,104857600,104857600,45856960,59000640,40016
663,104857600,104857600,45816944,59040656,40016
664,104857600,104857600,45776928,59080672,40016
665,104857600,104857600,45736912,59120688,40016
666,104857600,104857600,45696896,59160704,40016
667,104857600,104857600,45656880,59200720,40016
668,104857600,104857600,45616864,59240736,40016
669,104857600,104857600,45576848,59280752,40016
670,104857600,104857600,45536832,59320768,40016
671,104857600,104857600,45496816,59360784,40016
672,104857600,104857600,45456800,59400800,40016
673,104857600,104857600,45416784,59440816,40016
674,104857600,104857600,45376768,59480832,40016
675,104857600,104857600,45336752,59520848,40016
676,104857600,104857600,45296736,59560864,40016
677,104857600,104857600,45256720,59600880,40016
678,104857600,104857600,44968448,59889152,288272
679,104857600,104857600,44928432,59929168,40016
680,104857600,104857600,44560304,60297296,368128
681,104857600,104857600,44520288,60337312,40016
682,104857600,104857600,44152160,60705440,368128
683,104857600,104857600,44112144,60745456,40016
684,104857600,104857600,43919872,60937728,192272
685,104857600,104857600,43879856,60977744,40016
686,104857600,104857600,43839840,61017760,40016
687,104857600,104857600,43799824,61057776,40016
688,104857600,104857600,43759808,61097792,40016
689,104857600,104857600,43719792,61137808,40016
690,104857600,104857600,43679776,61177824,40016
691,104857600,104857600,43639760,61217840,40016
692,104857600,104857600,43599744,61257856,40016
693,104857600,104857600,43559728,61297872,40016
694,104857600,104857600,43519712,61337888,40016
695,104857600,104857600,43479696,61377904,40016
696,104857600,104857600,43439680,61417920,40016
697,104857600,104857600,43399664,61457936,40016
698,104857600,104857600,43359648,61497952,40016
699,104857600,104857600,43319632,61537968,40016
700,104857600,104857600,43279616,61577984,40016
701,104857600,104857600,43239600,61618000,40016
702,104857600,104857600,43199584,61658016,40016
703,104857600,104857600,43159568,61698032,40016
704,104857600,104857600,42871296,61986304,288272
705,104857600,104857600,42831280,62026320,40016
706,104857600,104857600,42463152,62394448,368128
707,104857600,104857600,42095024,62762576,368128
708,104857600,104857600,42055008,62802592,40016
709,104857600,104857600,41822720,63034880,232288
710,104857600,104857600,41782704,63074896,40016
711,104857600,104857600,41742688,63114912,40016
712,104857600,104857600,41702672,63154928,40016
713,104857600,104857600,41662656,63194944,40016
714,104857600,104857600,41622640,63234960,40016
715,104857600,104857600,41582624,63274976,40016
716,104857600,104857600,41542608,63314992,40016
717,104857600,104857600,41502592,63355008,40016
718,104857600,104857600,41462576,63395024,40016
719,104857600,104857600,41422560,63435040,40016
720,104857600,104857600,41382544,63475056,40016
721,104857600,104857600,41342528,63515072,40016
722,104857600,104857600,41302512,63555088,40016
723,104857600,104857600,41262496,63595104,40016
724,104857600,104857600,41222480,63635120,40016
725,104857600,104857600,41182464,63675136,40016
726,104857600,104857600,41142448,63715152,40016
727,104857600,104857600,41102432,63755168,40016
728,104857600,104857600,40774144,64083456,328288
729,104857600,104857600,40734128,64123472,40016
730,104857600,104857600,40366000,64491600,368128
731,104857600,104857600,40325984,64531616,40016
732,104857600,104857600,39957856,64899744,368128
733,104857600,104857600,39917840,64939760,40016
734,104857600,104857600,39725568,65132032,192272
735,104857600,104857600,39933872,64923728,-208304
736,104857600,104857600,39686640,65170960,247232
737,104857600,104857600,39399416,65458184,287224
738,104857600,104857600,39359400,65498200,40016
739,104857600,104857600,39072176,65785424,287224
740,104857600,104857600,39032160,65825440,40016
741,104857600,104857600,38925312,65932288,106848
742,104857600,104857600,38885296,65972304,40016
743,104857600,104857600,38845280,66012320,40016
744,104857600,104857600,38805264,66052336,40016
745,104857600,104857600,38765248,66092352,40016
746,104857600,104857600,38725232,66132368,40016
747,104857600,104857600,38685216,66172384,40016
748,104857600,104857600,38645200,66212400,40016
749,104857600,104857600,38605184,66252416,40016
750,104857600,104857600,38565168,66292432,40016
751,104857600,104857600,38525152,66332448,40016
752,104857600,104857600,38485136,66372464,40016
753,104857600,104857600,38445120,66412480,40016
754,104857600,104857600,38405104,66452496,40016
755,104857600,104857600,38365088,66492512,40016
756,104857600,104857600,38325072,66532528,40016
757,104857600,104857600,38285056,66572544,40016
758,104857600,104857600,37997832,66859768,287224
759,104857600,104857600,37957816,66899784,40016
760,104857600,104857600,37876736,66980864,81080
761,104857600,104857600,37836720,67020880,40016
762,104857600,104857600,37796704,67060896,40016
763,104857600,104857600,37756688,67100912,40016
764,104857600,104857600,37716672,67140928,40016
765,104857600,104857600,37676656,67180944,40016
766,104857600,104857600,37636640,67220960,40016
767,104857600,104857600,37596624,67260976,40016
768,104857600,104857600,37556608,67300992,40016
769,104857600,104857600,37516592,67341008,40016
770,104857600,104857600,37476576,67381024,40016
771,104857600,104857600,37436560,67421040,40016
772,104857600,104857600,37396544,67461056,40016
773,104857600,104857600,37356528,67501072,40016
774,104857600,104857600,37316512,67541088,40016
775,104857600,104857600,37276496,67581104,40016
776,104857600,104857600,37236480,67621120,40016
777,104857600,104857600,37196464,67661136,40016
778,104857600,104857600,37156448,67701152,40016
779,104857600,104857600,37116432,67741168,40016
780,104857600,104857600,37076416,67781184,40016
781,104857600,104857600,37036400,67821200,40016
782,104857600,104857600,36996384,67861216,40016
783,104857600,104857600,36956368,67901232,40016
784,104857600,104857600,36916352,67941248,40016
785,104857600,104857600,36876336,67981264,40016
786,104857600,104857600,36836320,68021280,40016
787,104857600,104857600,36796304,68061296,40016
788,104857600,104857600,36748128,68109472,48176
789,104857600,104857600,36708112,68149488,40016
790,104857600,104857600,36420888,68436712,287224
791,104857600,104857600,36380872,68476728,40016
792,104857600,104857600,36093648,68763952,287224
793,104857600,104857600,36053632,68803968,40016
794,104857600,104857600,35779584,69078016,274048
795,104857600,104857600,35739568,69118032,40016
796,104857600,104857600,35699552,69158048,40016
797,104857600,104857600,35659536,69198064,40016
798,104857600,104857600,35619520,69238080,40016
799,104857600,104857600,35579504,69278096,40016
800,104857600,104857600,35539488,69318112,40016
801,104857600,104857600,35499472,69358128,40016
802,104857600,104857600,35459456,69398144,40016
803,104857600,104857600,35419440,69438160,40016
804,104857600,104857600,35379424,69478176,40016
805,104857600,104857600,35339408,69518192,40016
806,104857600,104857600,35299392,69558208,40016
807,104857600,104857600,35259376,69598224,40016
808,104857600,104857600,35219360,69638240,40016
809,104857600,104857600,35179344,69678256,40016
810,104857600,104857600,35139328,69718272,40016
811,104857600,104857600,35099312,69758288,40016
812,104857600,104857600,35059296,69798304,40016
813,104857600,104857600,35019280,69838320,40016
814,104857600,104857600,34979264,69878336,40016
815,104857600,104857600,34939248,69918352,40016
816,104857600,104857600,34731008,70126592,208240
817,104857600,104857600,34690992,70166608,40016
818,104857600,104857600,34650976,70206624,40016
819,104857600,104857600,34363752,70493848,287224
820,104857600,104857600,34323736,70533864,40016
821,104857600,104857600,34036512,70821088,287224
822,104857600,104857600,33996496,70861104,40016
823,104857600,104857600,33709272,71148328,287224
824,104857600,104857600,33669256,71188344,40016
825,104857600,104857600,33382032,71475568,287224
826,104857600,104857600,33342016,71515584,40016
827,104857600,104857600,33054792,71802808,287224
828,104857600,104857600,33014776,71842824,40016
829,104857600,104857600,32727552,72130048,287224
830,104857600,104857600,32687536,72170064,40016
831,104857600,104857600,32620680,72236920,66856
832,104857600,104857600,32553824,72303776,66856
833,104857600,104857600,32513808,72343792,40016
834,104857600,104857600,32473792,72383808,40016
835,104857600,104857600,32433776,72423824,40016
836,104857600,104857600,32393760,72463840,40016
837,104857600,104857600,32353744,72503856,40016
838,104857600,104857600,32313728,72543872,40016
839,104857600,104857600,32273712,72583888,40016
840,104857600,104857600,32233696,72623904,40016
841,104857600,104857600,32193680,72663920,40016
842,104857600,104857600,32153664,72703936,40016
843,104857600,104857600,32113648,72743952,40016
844,104857600,104857600,32073632,72783968,40016
845,104857600,104857600,32033616,72823984,40016
846,104857600,104857600,31993600,72864000,40016
847,104857600,104857600,31953584,72904016,40016
848,104857600,104857600,31666360,73191240,287224
849,104857600,104857600,31626344,73231256,40016
850,104857600,104857600,31585280,73272320,41064
851,104857600,104857600,31617504,73240096,-32224
852,104857600,104857600,31577488,73280112,40016
853,104857600,104857600,31371632,73485968,205856
854,104857600,104857600,31331616,73525984,40016
855,104857600,104857600,31125760,73731840,205856
856,104857600,104857600,31085744,73771856,40016
857,104857600,104857600,30879888,73977712,205856
858,104857600,104857600,30839872,74017728,40016
859,104857600,104857600,30776832,74080768,63040
860,104857600,104857600,30736816,74120784,40016
861,104857600,104857600,30696800,74160800,40016
862,104857600,104857600,30656784,74200816,40016
863,104857600,104857600,30616768,74240832,40016
864,104857600,104857600,30576752,74280848,40016
865,104857600,104857600,30536736,74320864,40016
866,104857600,104857600,30496720,74360880,40016
867,104857600,104857600,30456704,74400896,40016
868,104857600,104857600,30416688,74440912,40016
869,104857600,104857600,30376672,74480928,40016
870,104857600,104857600,30336656,74520944,40016
871,104857600,104857600,30296640,74560960,40016
872,104857600,104857600,30256624,74600976,40016
873,104857600,104857600,30216608,74640992,40016
874,104857600,104857600,30010752,74846848,205856
875,104857600,104857600,29970736,74886864,40016
876,104857600,104857600,29764880,75092720,205856
877,104857600,104857600,29724864,75132736,40016
878,104857600,104857600,29519008,75338592,205856
879,104857600,104857600,29478992,75378608,40016
880,104857600,104857600,29273136,75584464,205856
881,104857600,104857600,29233120,75624480,40016
882,104857600,104857600,29027264,75830336,205856
883,104857600,104857600,28987248,75870352,40016
884,104857600,104857600,28781392,76076208,205856
885,104857600,104857600,28741376,76116224,40016
886,104857600,104857600,28676288,76181312,65088
887,104857600,104857600,28599648,76257952,76640
888,104857600,104857600,28559632,76297968,40016
889,104857600,104857600,28519616,76337984,40016
890,104857600,104857600,28479600,76378000,40016
891,104857600,104857600,28439584,76418016,40016
892,104857600,104857600,28399568,76458032,40016
893,104857600,104857600,28359552,76498048,40016
894,104857600,104857600,28319536,76538064,40016
895,104857600,104857600,28279520,76578080,40016
896,104857600,104857600,28239504,76618096,40016
897,104857600,104857600,28199488,76658112,40016
898,104857600,104857600,28159472,76698128,40016
899,104857600,104857600,28119456,76738144,40016
900,104857600,104857600,28079440,76778160,40016
901,104857600,104857600,28039424,76818176,40016
902,104857600,104857600,27999408,76858192,40016
903,104857600,104857600,27959392,76898208,40016
904,104857600,104857600,27919376,76938224,40016
905,104857600,104857600,27879360,76978240,40016
906,104857600,104857600,27839344,77018256,40016
907,104857600,104857600,27799328,77058272,40016
908,104857600,104857600,27759312,77098288,40016
909,104857600,104857600,27719296,77138304,40016
910,104857600,104857600,27679280,77178320,40016
911,104857600,104857600,27631104,77226496,48176
912,104857600,104857600,27591088,77266512,40016
913,104857600,104857600,27551072,77306528,40016
914,104857600,104857600,27511056,77346544,40016
915,104857600,104857600,27305200,77552400,205856
916,104857600,104857600,27265184,77592416,40016
917,104857600,104857600,27059328,77798272,205856
918,104857600,104857600,27019312,77838288,40016
919,104857600,104857600,26813456,78044144,205856
920,104857600,104857600,26773440,78084160,40016
921,104857600,104857600,26582528,78275072,190912
922,104857600,104857600,26702256,78155344,-119728
923,104857600,104857600,26579576,78278024,122680
924,104857600,104857600,26539560,78318040,40016
925,104857600,104857600,26499544,78358056,40016
926,104857600,104857600,26459528,78398072,40016
927,104857600,104857600,26419512,78438088,40016
928,104857600,104857600,26379496,78478104,40016
929,104857600,104857600,26339480,78518120,40016
930,104857600,104857600,26299464,78558136,40016
931,104857600,104857600,26259448,78598152,40016
932,104857600,104857600,26219432,78638168,40016
933,104857600,104857600,26179416,78678184,40016
934,104857600,104857600,26139400,78718200,40016
935,104857600,104857600,26099384,78758216,40016
936,104857600,104857600,26059368,78798232,40016
937,104857600,104857600,26019352,78838248,40016
938,104857600,104857600,25979336,78878264,40016
939,104857600,104857600,25939320,78918280,40016
940,104857600,104857600,25899304,78958296,40016
941,104857600,104857600,25859288,78998312,40016
942,104857600,104857600,25819272,79038328,40016
943,104857600,104857600,25779256,79078344,40016
944,104857600,104857600,25739240,79118360,40016
945,104857600,104857600,25699224,79158376,40016
946,104857600,104857600,25659208,79198392,40016
947,104857600,104857600,25619192,79238408,40016
948,104857600,104857600,25579176,79278424,40016
949,104857600,104857600,25539160,79318440,40016
950,104857600,104857600,25499144,79358456,40016
951,104857600,104857600,25459128,79398472,40016
952,104857600,104857600,25296456,79561144,162672
953,104857600,104857600,25133784,79723816,162672
954,104857600,104857600,24971112,79886488,162672
955,104857600,104857600,24808440,80049160,162672
956,104857600,104857600,24650648,80206952,157792
957,104857600,104857600,24610632,80246968,40016
958,104857600,104857600,24570616,80286984,40016
959,104857600,104857600,24530600,80327000,40016
960,104857600,104857600,24490584,80367016,40016
961,104857600,104857600,24450568,80407032,40016
962,104857600,104857600,24410552,80447048,40016
963,104857600,104857600,24370536,80487064,40016
964,104857600,104857600,24330520,80527080,40016
965,104857600,104857600,24290504,80567096,40016
966,104857600,104857600,24250488,80607112,40016
967,104857600,104857600,24210472,80647128,40016
968,104857600,104857600,24170456,80687144,40016
969,104857600,104857600,24130440,80727160,40016
970,104857600,104857600,24090424,80767176,40016
971,104857600,104857600,24050408,80807192,40016
972,104857600,104857600,24010392,80847208,40016
973,104857600,104857600,23970376,80887224,40016
974,104857600,104857600,23930360,80927240,40016
975,104857600,104857600,23890344,80967256,40016
976,104857600,104857600,23850328,81007272,40016
977,104857600,104857600,23810312,81047288,40016
978,104857600,104857600,23770296,81087304,40016
979,104857600,104857600,23730280,81127320,40016
980,104857600,104857600,23690264,81167336,40016
981,104857600,104857600,23650248,81207352,40016
982,104857600,104857600,23602072,81255528,48176
983,104857600,104857600,23562056,81295544,40016
984,104857600,104857600,23522040,81335560,40016
985,104857600,104857600,23482024,81375576,40016
986,104857600,104857600,23319352,81538248,162672
987,104857600,104857600,23156680,81700920,162672
988,104857600,104857600,22994008,81863592,162672
989,104857600,104857600,22831336,82026264,162672
990,104857600,104857600,22668664,82188936,162672
991,104857600,104857600,22553496,82304104,115168
992,104857600,104857600,22628272,82229328,-74776
993,104857600,104857600,22545736,82311864,82536
994,104857600,104857600,22505720,82351880,40016
995,104857600,104857600,22465704,82391896,40016
996,104857600,104857600,22425688,82431912,40016
997,104857600,104857600,22385672,82471928,40016
998,104857600,104857600,22345656,82511944,40016
999,104857600,104857600,22305640,82551960,40016
1000,104857600,104857600,22265624,82591976,40016
1001,104857600,104857600,22225608,82631992,40016
1002,104857600,104857600,22185592,82672008,40016
1003,104857600,104857600,22145576,82712024,40016
1004,104857600,104857600,22105560,82752040,40016
1005,104857600,104857600,22065544,82792056,40016
1006,104857600,104857600,22025528,82832072,40016
1007,104857600,104857600,21985512,82872088,40016
1008,104857600,104857600,21945496,82912104,40016
1009,104857600,104857600,21905480,82952120,40016
1010,104857600,104857600,21865464,82992136,40016
1011,104857600,104857600,21825448,83032152,40016
1012,104857600,104857600,21785432,83072168,40016
1013,104857600,104857600,21745416,83112184,40016
1014,104857600,104857600,21705400,83152200,40016
1015,104857600,104857600,21665384,83192216,40016
1016,104857600,104857600,21625368,83232232,40016
1017,104857600,104857600,21585352,83272248,40016
1018,104857600,104857600,21545336,83312264,40016
1019,104857600,104857600,21505320,83352280,40016
1020,104857600,104857600,21465304,83392296,40016
1021,104857600,104857600,21425288,83432312,40016
1022,104857600,104857600,21302760,83554840,122528
1023,104857600,104857600,21180232,83677368,122528
1024,104857600,104857600,21057704,83799896,122528
1025,104857600,104857600,20935176,83922424,122528
1026,104857600,104857600,20812648,84044952,122528
1027,104857600,104857600,20690120,84167480,122528
1028,104857600,104857600,20576792,84280808,113328
1029,104857600,104857600,20536776,84320824,40016
1030,104857600,104857600,20496760,84360840,40016
1031,104857600,104857600,20456744,84400856,40016
1032,104857600,104857600,20416728,84440872,40016
1033,104857600,104857600,20376712,84480888,40016
1034,104857600,104857600,20336696,84520904,40016
1035,104857600,104857600,20296680,84560920,40016
1036,104857600,104857600,20256664,84600936,40016
1037,104857600,104857600,20216648,84640952,40016
1038,104857600,104857600,20176632,84680968,40016
1039,104857600,104857600,20136616,84720984,40016
1040,104857600,104857600,20096600,84761000,40016
1041,104857600,104857600,20056584,84801016,40016
1042,104857600,104857600,20016568,84841032,40016
1043,104857600,104857600,19976552,84881048,40016
1044,104857600,104857600,19936536,84921064,40016
1045,104857600,104857600,19896520,84961080,40016
1046,104857600,104857600,19856504,85001096,40016
1047,104857600,104857600,19816488,85041112,40016
1048,104857600,104857600,19776472,85081128,40016
1049,104857600,104857600,19736456,85121144,40016
1050,104857600,104857600,19696440,85161160,40016
1051,104857600,104857600,19573912,85283688,122528
1052,104857600,104857600,19528216,85329384,45696
1053,104857600,104857600,19488200,85369400,40016
1054,104857600,104857600,19448184,85409416,40016
1055,104857600,104857600,19325656,85531944,122528
1056,104857600,104857600,19203128,85654472,122528
1057,104857600,104857600,19080600,85777000,122528
1058,104857600,104857600,18958072,85899528,122528
1059,104857600,104857600,18835544,86022056,122528
1060,104857600,104857600,18713016,86144584,122528
1061,104857600,104857600,18590488,86267112,122528
1062,104857600,104857600,18479640,86377960,110848
1063,104857600,104857600,18553776,86303824,-74136
1064,104857600,104857600,18471168,86386432,82608
1065,104857600,104857600,18431152,86426448,40016
1066,104857600,104857600,18391136,86466464,40016
1067,104857600,104857600,18351120,86506480,40016
1068,104857600,104857600,18311104,86546496,40016
1069,104857600,104857600,18271088,86586512,40016
1070,104857600,104857600,18231072,86626528,40016
1071,104857600,104857600,18191056,86666544,40016
1072,104857600,104857600,18151040,86706560,40016
1073,104857600,104857600,18111024,86746576,40016
1074,104857600,104857600,18071008,86786592,40016
1075,104857600,104857600,18030992,86826608,40016
1076,104857600,104857600,17990976,86866624,40016
1077,104857600,104857600,17950960,86906640,40016
1078,104857600,104857600,17910944,86946656,40016
1079,104857600,104857600,17870928,86986672,40016
1080,104857600,104857600,17830912,87026688,40016
1081,104857600,104857600,17790896,87066704,40016
1082,104857600,104857600,17750880,87106720,40016
1083,104857600,104857600,17710864,87146736,40016
1084,104857600,104857600,17670848,87186752,40016
1085,104857600,104857600,17630832,87226768,40016
1086,104857600,104857600,17590816,87266784,40016
1087,104857600,104857600,17550800,87306800,40016
1088,104857600,104857600,17510784,87346816,40016
1089,104857600,104857600,17470768,87386832,40016
1090,104857600,104857600,17430752,87426848,40016
1091,104857600,104857600,17390736,87466864,40016
1092,104857600,104857600,17350720,87506880,40016
1093,104857600,104857600,17228120,87629480,122600
1094,104857600,104857600,17105520,87752080,122600
1095,104857600,104857600,16982920,87874680,122600
1096,104857600,104857600,16860320,87997280,122600
1097,104857600,104857600,16737720,88119880,122600
1098,104857600,104857600,16615120,88242480,122600
1099,104857600,104857600,16502224,88355376,112896
1100,104857600,104857600,16462208,88395392,40016
1101,104857600,104857600,16422192,88435408,40016
1102,104857600,104857600,16382176,88475424,40016
1103,104857600,104857600,16342160,88515440,40016
1104,104857600,104857600,16302144,88555456,40016
1105,104857600,104857600,16262128,88595472,40016
1106,104857600,104857600,16222112,88635488,40016
1107,104857600,104857600,16182096,88675504,40016
1108,104857600,104857600,16142080,88715520,40016
1109,104857600,104857600,16102064,88755536,40016
1110,104857600,104857600,16062048,88795552,40016
1111,104857600,104857600,16022032,88835568,40016
1112,104857600,104857600,15982016,88875584,40016
1113,104857600,104857600,15942000,88915600,40016
1114,104857600,104857600,15901984,88955616,40016
1115,104857600,104857600,15861968,88995632,40016
1116,104857600,104857600,15821952,89035648,40016
1117,104857600,104857600,15781936,89075664,40016
1118,104857600,104857600,15741920,89115680,40016
1119,104857600,104857600,15701904,89155696,40016
1120,104857600,104857600,15661888,89195712,40016
1121,104857600,104857600,15621872,89235728,40016
1122,104857600,104857600,15499272,89358328,122600
1123,104857600,104857600,15453648,89403952,45624
1124,104857600,104857600,15413632,89443968,40016
1125,104857600,104857600,15373616,89483984,40016
1126,104857600,104857600,15251016,89606584,122600
1127,104857600,104857600,15128416,89729184,122600
1128,104857600,104857600,15005816,89851784,122600
1129,104857600,104857600,14883216,89974384,122600
1130,104857600,104857600,14760616,90096984,122600
1131,104857600,104857600,14638016,90219584,122600
1132,104857600,104857600,14515416,90342184,122600
1133,104857600,104857600,14405072,90452528,110344
1134,104857600,104857600,14479792,90377808,-74720
1135,104857600,104857600,14397128,90460472,82664
1136,104857600,104857600,14357112,90500488,40016
1137,104857600,104857600,14317096,90540504,40016
1138,104857600,104857600,14277080,90580520,40016
1139,104857600,104857600,14237064,90620536,40016
1140,104857600,104857600,14197048,90660552,40016
1141,104857600,104857600,14157032,90700568,40016
1142,104857600,104857600,14117016,90740584,40016
1143,104857600,104857600,14077000,90780600,40016
1144,104857600,104857600,14036984,90820616,40016
1145,104857600,104857600,13996968,90860632,40016
1146,104857600,104857600,13956952,90900648,40016
1147,104857600,104857600,13916936,90940664,40016
1148,104857600,104857600,13876920,90980680,40016
1149,104857600,104857600,13836904,91020696,40016
1150,104857600,104857600,13796888,91060712,40016
1151,104857600,104857600,13756872,91100728,40016
1152,104857600,104857600,13716856,91140744,40016
1153,104857600,104857600,13676840,91180760,40016
1154,104857600,104857600,13636824,91220776,40016
1155,104857600,104857600,13596808,91260792,40016
1156,104857600,104857600,13556792,91300808,40016
1157,104857600,104857600,13516776,91340824,40016
1158,104857600,104857600,13476760,91380840,40016
1159,104857600,104857600,13436744,91420856,40016
1160,104857600,104857600,13396728,91460872,40016
1161,104857600,104857600,13356712,91500888,40016
1162,104857600,104857600,13316696,91540904,40016
1163,104857600,104857600,13276680,91580920,40016
1164,104857600,104857600,13154024,91703576,122656
1165,104857600,104857600,13031368,91826232,122656
1166,104857600,104857600,12908712,91948888,122656
1167,104857600,104857600,12786056,92071544,122656
1168,104857600,104857600,12663400,92194200,122656
1169,104857600,104857600,12540744,92316856,122656
1170,104857600,104857600,12428184,92429416,112560
1171,104857600,104857600,12388168,92469432,40016
1172,104857600,104857600,12348152,92509448,40016
1173,104857600,104857600,12308136,92549464,40016
1174,104857600,104857600,12268120,92589480,40016
1175,104857600,104857600,12228104,92629496,40016
1176,104857600,104857600,12188088,92669512,40016
1177,104857600,104857600,12148072,92709528,40016
1178,104857600,104857600,12108056,92749544,40016
1179,104857600,104857600,12068040,92789560,40016
1180,104857600,104857600,12028024,92829576,40016
1181,104857600,104857600,11988008,92869592,40016
1182,104857600,104857600,11947992,92909608,40016
1183,104857600,104857600,11907976,92949624,40016
1184,104857600,104857600,11867960,92989640,40016
1185,104857600,104857600,11827944,93029656,40016
1186,104857600,104857600,11787928,93069672,40016
1187,104857600,104857600,11747912,93109688,40016
1188,104857600,104857600,11707896,93149704,40016
1189,104857600,104857600,11667880,93189720,40016
1190,104857600,104857600,11627864,93229736,40016
1191,104857600,104857600,11587848,93269752,40016
1192,104857600,104857600,11547832,93309768,40016
1193,104857600,104857600,11425176,93432424,122656
1194,104857600,104857600,11379608,93477992,45568
1195,104857600,104857600,11339592,93518008,40016
1196,104857600,104857600,11299576,93558024,40016
1197,104857600,104857600,11176920,93680680,122656
1198,104857600,104857600,11054264,93803336,122656
1199,104857600,104857600,10931608,93925992,122656
1200,104857600,104857600,10808952,94048648,122656
1201,104857600,104857600,10686296,94171304,122656
1202,104857600,104857600,10563640,94293960,122656
1203,104857600,104857600,10440984,94416616,122656
1204,104857600,104857600,10331032,94526568,109952
1205,104857600,104857600,10405296,94452304,-74264
1206,104857600,104857600,10322600,94535000,82696
1207,104857600,104857600,10282584,94575016,40016
1208,104857600,104857600,10242568,94615032,40016
1209,104857600,104857600,10202552,94655048,40016
1210,104857600,104857600,10162536,94695064,40016
1211,104857600,104857600,10122520,94735080,40016
1212,104857600,104857600,10082504,94775096,40016
1213,104857600,104857600,10042488,94815112,40016
1214,104857600,104857600,10002472,94855128,40016
1215,104857600,104857600,9962456,94895144,40016
1216,104857600,104857600,9922440,94935160,40016
1217,104857600,104857600,9882424,94975176,40016
1218,104857600,104857600,9842408,95015192,40016
1219,104857600,104857600,9802392,95055208,40016
1220,104857600,104857600,9762376,95095224,40016
1221,104857600,104857600,9722360,95135240,40016
1222,104857600,104857600,9682344,95175256,40016
1223,104857600,104857600,9642328,95215272,40016
1224,104857600,104857600,9602312,95255288,40016
1225,104857600,104857600,9562296,95295304,40016
1226,104857600,104857600,9522280,95335320,40016
1227,104857600,104857600,9482264,95375336,40016
1228,104857600,104857600,9442248,95415352,40016
1229,104857600,104857600,9402232,95455368,40016
1230,104857600,104857600,9362216,95495384,40016
1231,104857600,104857600,9322200,95535400,40016
1232,104857600,104857600,9282184,95575416,40016
1233,104857600,104857600,9242168,95615432,40016
1234,104857600,104857600,9202152,95655448,40016
1235,104857600,104857600,9079464,95778136,122688
1236,104857600,104857600,8956776,95900824,122688
1237,104857600,104857600,8834088,96023512,122688
1238,104857600,104857600,8711400,96146200,122688
1239,104857600,104857600,8588712,96268888,122688
1240,104857600,104857600,8466024,96391576,122688
1241,104857600,104857600,8353656,96503944,112368
1242,104857600,104857600,8313640,96543960,40016
1243,104857600,104857600,8273624,96583976,40016
1244,104857600,104857600,8233608,96623992,40016
1245,104857600,104857600,8193592,96664008,40016
1246,104857600,104857600,8153576,96704024,40016
1247,104857600,104857600,8113560,96744040,40016
1248,104857600,104857600,8073544,96784056,40016
1249,104857600,104857600,8033528,96824072,40016
1250,104857600,104857600,7993512,96864088,40016
1251,104857600,104857600,7953496,96904104,40016
1252,104857600,104857600,7913480,96944120,40016
1253,104857600,104857600,7873464,96984136,40016
1254,104857600,104857600,7833448,97024152,40016
1255,104857600,104857600,7793432,97064168,40016
1256,104857600,104857600,7753416,97104184,40016
1257,104857600,104857600,7713400,97144200,40016
1258,104857600,104857600,7673384,97184216,40016
1259,104857600,104857600,7633368,97224232,40016
1260,104857600,104857600,7593352,97264248,40016
1261,104857600,104857600,7553336,97304264,40016
1262,104857600,104857600,7513320,97344280,40016
1263,104857600,104857600,7473304,97384296,40016
1264,104857600,104857600,7350616,97506984,122688
1265,104857600,104857600,7305080,97552520,45536
1266,104857600,104857600,7348144,97509456,-43064
1267,104857600,104857600,7265024,97592576,83120
1268,104857600,104857600,7225008,97632592,40016
1269,104857600,104857600,7184992,97672608,40016
1270,104857600,104857600,7144976,97712624,40016
1271,104857600,104857600,7104960,97752640,40016
1272,104857600,104857600,7064944,97792656,40016
1273,104857600,104857600,7024928,97832672,40016
1274,104857600,104857600,6984912,97872688,40016
1275,104857600,104857600,6944896,97912704,40016
1276,104857600,104857600,6904880,97952720,40016
1277,104857600,104857600,6864864,97992736,40016
1278,104857600,104857600,6824848,98032752,40016
1279,104857600,104857600,6784832,98072768,40016
1280,104857600,104857600,6744816,98112784,40016
1281,104857600,104857600,6704800,98152800,40016
1282,104857600,104857600,6664784,98192816,40016
1283,104857600,104857600,6624768,98232832,40016
1284,104857600,104857600,6584752,98272848,40016
1285,104857600,104857600,6544736,98312864,40016
1286,104857600,104857600,6504720,98352880,40016
1287,104857600,104857600,6464704,98392896,40016
1288,104857600,104857600,6424688,98432912,40016
1289,104857600,104857600,6384672,98472928,40016
1290,104857600,104857600,6344656,98512944,40016
1291,104857600,104857600,6304640,98552960,40016
1292,104857600,104857600,6264624,98592976,40016
1293,104857600,104857600,6224608,98632992,40016
1294,104857600,104857600,6184592,98673008,40016
1295,104857600,104857600,6144576,98713024,40016
1296,104857600,104857600,6104560,98753040,40016
1297,104857600,104857600,5981448,98876152,123112
1298,104857600,104857600,5858336,98999264,123112
1299,104857600,104857600,5735224,99122376,123112
1300,104857600,104857600,5612112,99245488,123112
1301,104857600,104857600,5489000,99368600,123112
1302,104857600,104857600,5365888,99491712,123112
1303,104857600,104857600,5296080,99561520,69808
1304,104857600,104857600,5330864,99526736,-34784
1305,104857600,104857600,5247744,99609856,83120
1306,104857600,104857600,5207728,99649872,40016
1307,104857600,104857600,5167712,99689888,40016
1308,104857600,104857600,5127696,99729904,40016
1309,104857600,104857600,5087680,99769920,40016
1310,104857600,104857600,5047664,99809936,40016
1311,104857600,104857600,5007648,99849952,40016
1312,104857600,104857600,4967632,99889968,40016
1313,104857600,104857600,4927616,99929984,40016
1314,104857600,104857600,4887600,99970000,40016
1315,104857600,104857600,4847584,100010016,40016
1316,104857600,104857600,4807568,100050032,40016
1317,104857600,104857600,4767552,100090048,40016
1318,104857600,104857600,4727536,100130064,40016
1319,104857600,104857600,4687520,100170080,40016
1320,104857600,104857600,4647504,100210096,40016
1321,104857600,104857600,4607488,100250112,40016
1322,104857600,104857600,4567472,100290128,40016
1323,104857600,104857600,4527456,100330144,40016
1324,104857600,104857600,4487440,100370160,40016
1325,104857600,104857600,4447424,100410176,40016
1326,104857600,104857600,4407408,100450192,40016
1327,104857600,104857600,4367392,100490208,40016
1328,104857600,104857600,4327376,100530224,40016
1329,104857600,104857600,4326352,100531248,1024
1330,104857600,104857600,4243232,100614368,83120
1331,104857600,104857600,4203216,100654384,40016
1332,104857600,104857600,4163200,100694400,40016
1333,104857600,104857600,4123184,100734416,40016
1334,104857600,104857600,4083168,100774432,40016
1335,104857600,104857600,4043152,100814448,40016
1336,104857600,104857600,4003136,100854464,40016
1337,104857600,104857600,3963120,100894480,40016
1338,104857600,104857600,3923104,100934496,40016
1339,104857600,104857600,3883088,100974512,40016
1340,104857600,104857600,3843072,101014528,40016
1341,104857600,104857600,3803056,101054544,40016
1342,104857600,104857600,3763040,101094560,40016
1343,104857600,104857600,3723024,101134576,40016
1344,104857600,104857600,3683008,101174592,40016
1345,104857600,104857600,3642992,101214608,40016
1346,104857600,104857600,3602976,101254624,40016
1347,104857600,104857600,3562960,101294640,40016
1348,104857600,104857600,3522944,101334656,40016
1349,104857600,104857600,3482928,101374672,40016
1350,104857600,104857600,3442912,101414688,40016
1351,104857600,104857600,3402896,101454704,40016
1352,104857600,104857600,3362880,101494720,40016
1353,104857600,104857600,3322864,101534736,40016
1354,104857600,104857600,3317696,101539904,5168
1355,104857600,104857600,3234576,101623024,83120
1356,104857600,104857600,3194560,101663040,40016
1357,104857600,104857600,3154544,101703056,40016
1358,104857600,104857600,3114528,101743072,40016
1359,104857600,104857600,3074512,101783088,40016
1360,104857600,104857600,3034496,101823104,40016
1361,104857600,104857600,2994480,101863120,40016
1362,104857600,104857600,2954464,101903136,40016
1363,104857600,104857600,2914448,101943152,40016
1364,104857600,104857600,2874432,101983168,40016
1365,104857600,104857600,2834416,102023184,40016
1366,104857600,104857600,2794400,102063200,40016
1367,104857600,104857600,2754384,102103216,40016
1368,104857600,104857600,2714368,102143232,40016
1369,104857600,104857600,2674352,102183248,40016
1370,104857600,104857600,2634336,102223264,40016
1371,104857600,104857600,2594320,102263280,40016
1372,104857600,104857600,2554304,102303296,40016
1373,104857600,104857600,2514288,102343312,40016
1374,104857600,104857600,2474272,102383328,40016
1375,104857600,104857600,2434256,102423344,40016
1376,104857600,104857600,2394240,102463360,40016
1377,104857600,104857600,2354224,102503376,40016
1378,104857600,104857600,2314208,102543392,40016
1379,104857600,104857600,2309072,102548528,5136
1380,104857600,104857600,2225952,102631648,83120
1381,104857600,104857600,2185936,102671664,40016
1382,104857600,104857600,2145920,102711680,40016
1383,104857600,104857600,2105904,102751696,40016
1384,104857600,104857600,2065888,102791712,40016
1385,104857600,104857600,2025872,102831728,40016
1386,104857600,104857600,1985856,102871744,40016
1387,104857600,104857600,1945840,102911760,40016
1388,104857600,104857600,1905824,102951776,40016
1389,104857600,104857600,1865808,102991792,40016
1390,104857600,104857600,1825792,103031808,40016
1391,104857600,104857600,1785776,103071824,40016
1392,104857600,104857600,1745760,103111840,40016
1393,104857600,104857600,1705744,103151856,40016
1394,104857600,104857600,1665728,103191872,40016
1395,104857600,104857600,1625712,103231888,40016
1396,104857600,104857600,1585696,103271904,40016
1397,104857600,104857600,1545680,103311920,40016
1398,104857600,104857600,1505664,103351936,40016
1399,104857600,104857600,1465648,103391952,40016
1400,104857600,104857600,1425632,103431968,40016
1401,104857600,104857600,1385616,103471984,40016
1402,104857600,104857600,1345600,103512000,40016
1403,104857600,104857600,1305584,103552016,40016
1404,104857600,104857600,1098720,103758880,206864
1405,104857600,104857600,1015600,103842000,83120
1406,104857600,104857600,975584,103882016,40016
1407,104857600,104857600,935568,103922032,40016
1408,104857600,104857600,895552,103962048,40016
1409,104857600,104857600,855536,104002064,40016
1410,104857600,104857600,815520,104042080,40016
1411,104857600,104857600,775504,104082096,40016
1412,104857600,104857600,735488,104122112,40016
1413,104857600,104857600,695472,104162128,40016
1414,104857600,104857600,655456,104202144,40016
1415,104857600,104857600,615440,104242160,40016
1416,104857600,104857600,575424,104282176,40016
1417,104857600,104857600,535408,104322192,40016
1418,104857600,104857600,495392,104362208,40016
1419,104857600,104857600,455376,104402224,40016
1420,104857600,104857600,415360,104442240,40016
1421,104857600,104857600,37